{
  "members": [
    {
      "name": "\u042d\u043d\u0434\u0438 \u0423\u0438\u0440",
      "photo": "https://encrypted-tbn0.gstatic.com/images?q=tbn:ANd9GcQfceqMeqOh3QA9RMMzZLyXbApYIP03koWBrQ&s",
      "jobs": [
        "\u043f\u0438\u043b\u043e\u0442"
      ]
    },
    {
      "name": "\u0420\u0438\u0434\u043b\u0438 \u0421\u043a\u043e\u0442\u0442",
      "photo": "https://trafaret.papik.pro/uploads/posts/2024-09/trafaret-papik-pro-647p-p-trafareti-kosmonavt-20.jpg",
      "jobs": [
        "\u0448\u0442\u0443\u0440\u043c\u0430\u043d",
        "\u043a\u0438\u0431\u0435\u0440\u0438\u043d\u0436\u0438\u043d\u0435\u0440",
        "\u043e\u043f\u0435\u0440\u0430\u0442\u043e\u0440 \u043c\u0430\u0440\u0441\u043e\u0445\u043e\u0434\u0430"
      ]
    },
    {
      "name": "\u041c\u0430\u0440\u043a \u0423\u043e\u0442\u043d\u0438",
      "photo": "https://a.raskraski.link//img/4/1/9/%D0%9A%D1%80%D0%B0%D1%81%D0%B8%D0%B2%D1%8B%D0%B5-%D1%80%D0%B0%D1%81%D0%BA%D1%80%D0%B0%D1%81%D0%BA%D0%B8-%D0%9A%D0%BE%D1%81%D0%BC%D0%BE%D0%BD%D0%B0%D0%B2%D1%82-%D0%90%D0%BC%D0%BE%D0%BD%D0%B3-%D0%90%D1%81-%D0%9A%D0%BE%D1%81%D0%BC%D0%BE%D0%BD%D0%B0%D0%B2%D1%82-%D0%90%D0%BC%D0%BE%D0%BD%D0%B3-%D0%90%D1%81-%D0%A0%D0%B0%D1%81%D0%BA%D1%80%D0%B0%D1%81%D0%BA%D0%B8-%D1%81%D0%BA-419.jpg",
      "jobs": [
        "\u043a\u043b\u0438\u043c\u0430\u0442\u043e\u043b\u043e\u0433",
        "\u043c\u0435\u0442\u0435\u043e\u0440\u043e\u043b\u043e\u0433"
      ]
    },
    {
      "name": "\u0412\u0435\u043d\u043a\u0430\u0442\u0430 \u041a\u0430\u043f\u0443\u0440",
      "photo": "https://www.supercoloring.com/sites/default/files/styles/coloring_medium/public/cif/2016/01/cartoon-spaceman-coloring-page.png",
      "jobs": [
        "\u0430\u0441\u0442\u0440\u043e\u0433\u0435\u043e\u043b\u043e\u0433",
        "\u0441\u043f\u0435\u0446\u0438\u0430\u043b\u0438\u0441\u0442 \u043f\u043e \u0440\u0430\u0434\u0438\u0430\u0446\u0438\u043e\u043d\u043d\u043e\u0439 \u0437\u0430\u0449\u0438\u0442\u0435"
      ]
    }
  ]
}
